image_file_name,color,style,season,category
short_boots_0050.jpg,black,modern,winter,short_boots
coach_jacket_0048.jpg,blue,casual,spring/fall,coach_jacket
long_boots_0025.jpg,black,luxury,winter,long_boots
hill_0045.jpg,black,modern,All,hill
trench_coat_0003.jpg,black,modern,spring/fall,trench_coat
coat_0020.jpg,brown,modern,winter,coat
hightop_0012.jpg,white,lovely,summer,hightop
sandal_0031.jpg,black,sporty,summer,sandal
skirt_0039.jpg,gray,lovely,spring/fall,skirt
short_padding_0037.jpg,black,casual,winter,short_padding
leather_jacket_0056.jpg,black,street,winter,leather_jacket
blouse_long_0004.jpg,white,modern,spring/fall,blouse_long
fleece_jacket_0017.jpg,white,casual,winter,fleece_jacket
fleece_jacket_0001.jpg,beige,casual,winter,fleece_jacket
dress_shirt_long_0039.jpg,pink,formal/office,spring/fall,dress_shirt_long
blazer_0066.jpg,black,modern,spring/fall,blazer
mtm_0020.jpg,gray,casual,spring/fall,mtm
running_shoes_0050.jpg,white,sporty,All,running_shoes
blouse_long_0037.jpg,white,modern,spring/fall,blouse_long
jumper_0013.jpg,navy,casual,spring/fall,jumper
slacks_0048.jpg,black,formal/office,All,slacks
mtm_0014.jpg,white,casual,spring/fall,mtm
short_padding_0026.jpg,black,casual,winter,short_padding
dress_0016.jpg,beige,lovely,spring/fall,dress
hoody_jacket_0032.jpg,red,sporty,spring/fall,hoody_jacket
blazer_0038.jpg,gray,modern,spring/fall,blazer
jogger_0011.jpg,gray,casual,winter,jogger
blazer_0083.jpg,navy,modern,spring/fall,blazer
blazer_0024.jpg,black,modern,spring/fall,blazer
trench_coat_0046.jpg,khaki,modern,spring/fall,trench_coat
coat_0050.jpg,beige,luxury,winter,coat
sleeveless_0015.jpg,black,casual,summer,sleeveless
sweater_0011.jpg,brown,modern,winter,sweater
jean_0034.jpg,white,casual,winter,jean
blouse_long_0038.jpg,khaki,modern,spring/fall,blouse_long
top_others_0009.jpg,navy,modern,summer,top_others
tshirt_short_0029.jpg,yellow,casual,summer,tshirt_short
tshirt_long_0001.jpg,white,casual,spring/fall,tshirt_long
loafer_0012.jpg,black,formal/office,All,loafer
dress_shirt_short_0010.jpg,white,formal/office,summer,dress_shirt_short
sleeveless_0045.jpg,black,casual,summer,sleeveless
blazer_0061.jpg,pink,modern,spring/fall,blazer
cardigan_0005.jpg,black,casual,spring/fall,cardigan
long_boots_0051.jpg,black,luxury,winter,long_boots
hill_0026.jpg,black,luxury,All,hill
sneakers_0047.jpg,white,casual,All,sneakers
tshirt_short_0023.jpg,white,casual,summer,tshirt_short
mtm_0010.jpg,khaki,casual,spring/fall,mtm
fleece_jacket_0049.jpg,gray,casual,winter,fleece_jacket
dress_shirt_short_0015.jpg,pink,formal/office,summer,dress_shirt_short
fleece_jacket_0036.jpg,gray,casual,winter,fleece_jacket
slacks_0034.jpg,black,formal/office,All,slacks
hill_0044.jpg,white,modern,All,hill
blouse_short_0039.jpg,white,modern,summer,blouse_short
skirt_0015.jpg,pink,modern,spring/fall,skirt
mtm_0031.jpg,gray,casual,spring/fall,mtm
jogger_0023.jpg,black,sporty,winter,jogger
hoody_0003.jpg,gray,casual,spring/fall,hoody
long_boots_0028.jpg,black,luxury,winter,long_boots
dress_shirt_short_0030.jpg,navy,modern,summer,dress_shirt_short
short_padding_0048.jpg,yellow_green,casual,winter,short_padding
dress_0031.jpg,white,lovely,summer,dress
sleeveless_0021.jpg,black,casual,summer,sleeveless
dress_shirt_long_0047.jpg,navy,dandy,spring/fall,dress_shirt_long
vest_0043.jpg,gray,formal/office,spring/fall,vest
dress_0001.jpg,yellow_green,casual,summer,dress
leggings_0050.jpg,gray,sporty,All,leggings
dress_0017.jpg,black,modern,spring/fall,dress
loafer_0034.jpg,brown,formal/office,All,loafer
jogger_0034.jpg,black,sporty,winter,jogger
blazer_0060.jpg,black,modern,spring/fall,blazer
coat_0034.jpg,navy,modern,winter,coat
flat_shoes_0003.jpg,black,luxury,All,flat_shoes
top_others_0018.jpg,white,modern,summer,top_others
dress_shirt_short_0039.jpg,black,modern,summer,dress_shirt_short
jean_0007.jpg,navy,casual,winter,jean
dress_shirt_short_0040.jpg,white,formal/office,summer,dress_shirt_short
jean_0028.jpg,brown,casual,winter,jean
mtm_0028.jpg,dark_beige,casual,spring/fall,mtm
short_boots_0041.jpg,black,luxury,winter,short_boots
mtm_0024.jpg,gray,casual,spring/fall,mtm
jogger_0040.jpg,khaki,sporty,winter,jogger
long_padding_0016.jpg,black,casual,winter,long_padding
long_padding_0051.jpg,khaki,casual,winter,long_padding
top_others_0030.jpg,pink,modern,summer,top_others
long_boots_0045.jpg,black,modern,winter,long_boots
dress_shirt_short_0006.jpg,sky,formal/office,summer,dress_shirt_short
blazer_0004.jpg,beige,modern,spring/fall,blazer
long_padding_0010.jpg,purple,casual,winter,long_padding
short_boots_0023.jpg,black,luxury,winter,short_boots
short_boots_0019.jpg,red,modern,winter,short_boots
skirt_0012.jpg,white,lovely,summer,skirt
coat_0046.jpg,gray,modern,winter,coat
short_boots_0007.jpg,khaki,vintage,winter,short_boots
coat_0040.jpg,beige,modern,winter,coat
dress_shirt_short_0023.jpg,navy,modern,summer,dress_shirt_short
slacks_0023.jpg,black,formal/office,All,slacks
slacks_0019.jpg,black,formal/office,All,slacks
coach_jacket_0046.jpg,sky,casual,spring/fall,coach_jacket
hill_0050.jpg,black,sexy,All,hill
long_padding_0020.jpg,gray,casual,winter,long_padding
jumper_0028.jpg,black,casual,spring/fall,jumper
blouse_short_0037.jpg,pink,modern,summer,blouse_short
jogger_0022.jpg,dark_beige,sporty,winter,jogger
leather_jacket_0033.jpg,green,street,winter,leather_jacket
leggings_0026.jpg,pink,sporty,All,leggings
jogger_0050.jpg,beige,street,winter,jogger
hill_0030.jpg,navy,sexy,All,hill
running_shoes_0039.jpg,black,sporty,All,running_shoes
jumper_0035.jpg,black,casual,spring/fall,jumper
blazer_0028.jpg,green,modern,spring/fall,blazer
skirt_0013.jpg,sky,casual,summer,skirt
loafer_0035.jpg,black,formal/office,All,loafer
coat_0035.jpg,red,casual,winter,coat
sweater_0044.jpg,green,modern,winter,sweater
dress_shirt_short_0041.jpg,white,dandy,summer,dress_shirt_short
dress_shirt_short_0047.jpg,white,formal/office,summer,dress_shirt_short
mtm_0042.jpg,sky,casual,spring/fall,mtm
slacks_0026.jpg,white,formal/office,All,slacks
tshirt_short_0039.jpg,gray,casual,summer,tshirt_short
slacks_0047.jpg,black,formal/office,All,slacks
blouse_long_0002.jpg,beige,modern,spring/fall,blouse_long
coach_jacket_0010.jpg,gray,street,spring/fall,coach_jacket
sneakers_0038.jpg,white,casual,All,sneakers
vest_0030.jpg,navy,casual,spring/fall,vest
dress_shirt_long_0013.jpg,white,formal/office,spring/fall,dress_shirt_long
tshirt_long_0024.jpg,red,casual,spring/fall,tshirt_long
running_shoes_0023.jpg,white,sporty,All,running_shoes
loafer_0005.jpg,black,formal/office,All,loafer
short_boots_0013.jpg,black,modern,winter,short_boots
dress_0008.jpg,beige,lovely,summer,dress
leather_jacket_0050.jpg,black,street,spring/fall,leather_jacket
slacks_0044.jpg,black,formal/office,All,slacks
blouse_short_0013.jpg,red,modern,summer,blouse_short
dress_0047.jpg,blue,casual,spring/fall,dress
blazer_0076.jpg,yellow_green,modern,spring/fall,blazer
blazer_0001.jpg,pink,modern,spring/fall,blazer
short_padding_0014.jpg,beige,casual,winter,short_padding
hoody_jacket_0005.jpg,gray,casual,spring/fall,hoody_jacket
walker_0013.jpg,black,luxury,winter,walker
dress_shirt_short_0048.jpg,sky,formal/office,summer,dress_shirt_short
tshirt_long_0021.jpg,white,casual,spring/fall,tshirt_long
loafer_0033.jpg,black,formal/office,All,loafer
short_boots_0017.jpg,black,luxury,winter,short_boots
coat_0033.jpg,gray,modern,winter,coat
fleece_jacket_0022.jpg,beige,casual,winter,fleece_jacket
blazer_0036.jpg,gray,modern,spring/fall,blazer
dress_shirt_long_0021.jpg,white,formal/office,spring/fall,dress_shirt_long
blouse_long_0036.jpg,sky,modern,spring/fall,blouse_long
dress_shirt_long_0025.jpg,navy,formal/office,spring/fall,dress_shirt_long
hightop_0018.jpg,purple,casual,summer,hightop
dress_shirt_long_0030.jpg,black,modern,spring/fall,dress_shirt_long
blazer_0074.jpg,black,modern,spring/fall,blazer
sneakers_0027.jpg,white,casual,All,sneakers
vest_0003.jpg,khaki,casual,spring/fall,vest
sleeveless_0035.jpg,gray,casual,summer,sleeveless
dress_shirt_long_0007.jpg,navy,formal/office,spring/fall,dress_shirt_long
leather_jacket_0043.jpg,black,street,spring/fall,leather_jacket
tshirt_long_0046.jpg,black,casual,spring/fall,tshirt_long
blouse_short_0002.jpg,pink,modern,summer,blouse_short
jean_0018.jpg,blue,casual,winter,jean
coat_0038.jpg,brown,modern,winter,coat
sandal_0046.jpg,yellow,sporty,summer,sandal
skirt_0005.jpg,black,casual,summer,skirt
leather_jacket_0019.jpg,black,street,spring/fall,leather_jacket
tshirt_long_0042.jpg,gray,casual,spring/fall,tshirt_long
coat_0025.jpg,pink,modern,winter,coat
trench_coat_0021.jpg,beige,modern,spring/fall,trench_coat
leggings_0006.jpg,pink,sporty,All,leggings
short_boots_0042.jpg,white,modern,winter,short_boots
blouse_short_0008.jpg,pink,modern,summer,blouse_short
sweater_0025.jpg,navy,casual,winter,sweater
walker_0039.jpg,black,modern,winter,walker
hill_0034.jpg,black,formal/office,All,hill
dress_shirt_long_0049.jpg,beige,formal/office,spring/fall,dress_shirt_long
sleeveless_0010.jpg,black,casual,summer,sleeveless
tshirt_long_0006.jpg,black,casual,spring/fall,tshirt_long
coat_0016.jpg,beige,modern,winter,coat
fleece_jacket_0041.jpg,beige,casual,winter,fleece_jacket
loafer_0022.jpg,black,formal/office,All,loafer
skirt_0008.jpg,black,modern,summer,skirt
sweater_0039.jpg,blue,modern,winter,sweater
long_padding_0019.jpg,pink,casual,winter,long_padding
hill_0019.jpg,black,luxury,All,hill
blouse_short_0020.jpg,black,modern,summer,blouse_short
loafer_0049.jpg,black,formal/office,All,loafer
tshirt_long_0022.jpg,gray,casual,spring/fall,tshirt_long
dress_shirt_short_0024.jpg,white,modern,summer,dress_shirt_short
sleeveless_0009.jpg,white,casual,summer,sleeveless
sneakers_0005.jpg,white,casual,All,sneakers
coat_0042.jpg,gray,modern,winter,coat
fleece_jacket_0026.jpg,white,casual,winter,fleece_jacket
leather_jacket_0022.jpg,black,street,spring/fall,leather_jacket
dress_shirt_long_0048.jpg,sky,formal/office,spring/fall,dress_shirt_long
dress_shirt_short_0013.jpg,pink,modern,summer,dress_shirt_short
blouse_short_0027.jpg,white,formal/office,summer,blouse_short
tshirt_long_0011.jpg,white,casual,spring/fall,tshirt_long
tshirt_long_0018.jpg,green,casual,spring/fall,tshirt_long
top_others_0003.jpg,white,casual,summer,top_others
coach_jacket_0036.jpg,yellow,street,spring/fall,coach_jacket
short_boots_0045.jpg,black,luxury,winter,short_boots
cardigan_0018.jpg,black,casual,spring/fall,cardigan
skirt_0032.jpg,gray,modern,spring/fall,skirt
short_padding_0020.jpg,gray,casual,winter,short_padding
short_padding_0004.jpg,green,casual,winter,short_padding
blouse_long_0020.jpg,white,formal/office,spring/fall,blouse_long
long_boots_0002.jpg,brown,sexy,winter,long_boots
sneakers_0008.jpg,white,casual,All,sneakers
leggings_0023.jpg,pink,sporty,All,leggings
sneakers_0001.jpg,black,casual,All,sneakers
mtm_0019.jpg,black,casual,spring/fall,mtm
hill_0049.jpg,black,luxury,All,hill
walker_0023.jpg,brown,modern,winter,walker
blazer_0035.jpg,gray,modern,spring/fall,blazer
flat_shoes_0009.jpg,black,formal/office,All,flat_shoes
slacks_0029.jpg,black,formal/office,All,slacks
leggings_0051.jpg,yellow,sporty,All,leggings
blazer_0046.jpg,black,modern,spring/fall,blazer
sweater_0035.jpg,beige,modern,winter,sweater
blouse_short_0030.jpg,gray,modern,summer,blouse_short
hoody_jacket_0017.jpg,khaki,sporty,spring/fall,hoody_jacket
leather_jacket_0021.jpg,black,street,spring/fall,leather_jacket
hightop_0006.jpg,white,luxury,summer,hightop
skirt_0026.jpg,black,modern,spring/fall,skirt
blazer_0042.jpg,navy,modern,spring/fall,blazer
mtm_0022.jpg,gray,casual,spring/fall,mtm
flat_shoes_0024.jpg,navy,formal/office,All,flat_shoes
fleece_jacket_0016.jpg,black,casual,winter,fleece_jacket
jean_0014.jpg,blue,casual,winter,jean
sandal_0022.jpg,brown,modern,summer,sandal
short_padding_0006.jpg,navy,casual,winter,short_padding
long_boots_0019.jpg,black,sexy,winter,long_boots
blazer_0068.jpg,brown,modern,spring/fall,blazer
dress_shirt_short_0029.jpg,black,formal/office,summer,dress_shirt_short
walker_0022.jpg,brown,luxury,winter,walker
dress_0049.jpg,brown,casual,spring/fall,dress
tshirt_short_0018.jpg,white,casual,summer,tshirt_short
mtm_0040.jpg,navy,casual,spring/fall,mtm
dress_shirt_long_0023.jpg,gray,dandy,spring/fall,dress_shirt_long
running_shoes_0045.jpg,white,sporty,All,running_shoes
top_others_0022.jpg,pink,modern,summer,top_others
fleece_jacket_0033.jpg,blue,sporty,winter,fleece_jacket
long_boots_0038.jpg,black,sexy,winter,long_boots
tshirt_long_0034.jpg,green,casual,spring/fall,tshirt_long
coach_jacket_0035.jpg,beige,street,spring/fall,coach_jacket
blazer_0094.jpg,black,modern,spring/fall,blazer
dress_shirt_short_0034.jpg,white,modern,summer,dress_shirt_short
loafer_0041.jpg,black,formal/office,All,loafer
short_padding_0025.jpg,black,casual,winter,short_padding
jumper_0010.jpg,red,casual,spring/fall,jumper
slacks_0013.jpg,black,formal/office,All,slacks
hoody_jacket_0042.jpg,navy,sporty,spring/fall,hoody_jacket
walker_0040.jpg,black,modern,winter,walker
hill_0035.jpg,black,luxury,All,hill
vest_0015.jpg,navy,casual,winter,vest
cardigan_0004.jpg,black,casual,spring/fall,cardigan
fleece_jacket_0015.jpg,white,casual,winter,fleece_jacket
loafer_0001.jpg,black,formal/office,All,loafer
short_boots_0048.jpg,black,modern,winter,short_boots
leather_jacket_0051.jpg,beige,street,spring/fall,leather_jacket
blouse_short_0032.jpg,purple,modern,summer,blouse_short
blouse_long_0041.jpg,white,modern,spring/fall,blouse_long
mtm_0023.jpg,black,street,spring/fall,mtm
hoody_0047.jpg,navy,casual,spring/fall,hoody
hoody_0012.jpg,brown,casual,spring/fall,hoody
sneakers_0048.jpg,red,casual,All,sneakers
blazer_0015.jpg,red,modern,spring/fall,blazer
hoody_jacket_0041.jpg,black,sporty,spring/fall,hoody_jacket
long_boots_0015.jpg,white,modern,winter,long_boots
flat_shoes_0037.jpg,black,formal/office,All,flat_shoes
coat_0008.jpg,khaki,modern,winter,coat
hoody_jacket_0050.jpg,pink,sporty,spring/fall,hoody_jacket
sneakers_0013.jpg,navy,casual,All,sneakers
walker_0008.jpg,black,formal/office,winter,walker
coat_0012.jpg,navy,modern,winter,coat
jogger_0009.jpg,black,sporty,winter,jogger
hightop_0040.jpg,white,sporty,summer,hightop
blazer_0071.jpg,white,modern,spring/fall,blazer
flat_shoes_0014.jpg,beige,purity,All,flat_shoes
sandal_0048.jpg,navy,sporty,summer,sandal
blouse_short_0046.jpg,white,modern,summer,blouse_short
trench_coat_0015.jpg,beige,modern,spring/fall,trench_coat
sneakers_0042.jpg,red,casual,All,sneakers
cardigan_0041.jpg,white,casual,spring/fall,cardigan
sweater_0007.jpg,yellow,modern,winter,sweater
running_shoes_0015.jpg,white,sporty,All,running_shoes
sleeveless_0046.jpg,white,casual,summer,sleeveless
loafer_0006.jpg,black,formal/office,All,loafer
hill_0015.jpg,red,formal/office,All,hill
short_padding_0003.jpg,yellow,casual,winter,short_padding
running_shoes_0020.jpg,black,sporty,All,running_shoes
sleeveless_0038.jpg,black,casual,summer,sleeveless
top_others_0042.jpg,gray,modern,summer,top_others
slacks_0001.jpg,black,formal/office,All,slacks
blouse_long_0021.jpg,beige,modern,spring/fall,blouse_long
coach_jacket_0023.jpg,green,street,spring/fall,coach_jacket
blazer_0017.jpg,white,modern,spring/fall,blazer
slacks_0005.jpg,black,casual,All,slacks
vest_0016.jpg,gray,casual,spring/fall,vest
tshirt_short_0030.jpg,yellow,casual,summer,tshirt_short
dress_0006.jpg,beige,modern,spring/fall,dress
hill_0042.jpg,brown,sexy,All,hill
hightop_0023.jpg,pink,lovely,summer,hightop
jogger_0044.jpg,khaki,street,winter,jogger
short_boots_0035.jpg,black,modern,winter,short_boots
leather_jacket_0014.jpg,brown,street,winter,leather_jacket
dress_shirt_long_0017.jpg,white,formal/office,spring/fall,dress_shirt_long
sandal_0023.jpg,brown,modern,summer,sandal
walker_0045.jpg,black,modern,winter,walker
dress_shirt_long_0006.jpg,black,modern,spring/fall,dress_shirt_long
hoody_0039.jpg,gray,casual,spring/fall,hoody
blazer_0009.jpg,gray,modern,spring/fall,blazer
jumper_0045.jpg,gray,casual,spring/fall,jumper
coat_0019.jpg,gray,modern,winter,coat
walker_0009.jpg,black,modern,winter,walker
blazer_0030.jpg,black,modern,spring/fall,blazer
blazer_0050.jpg,white,modern,spring/fall,blazer
long_boots_0023.jpg,black,luxury,winter,long_boots
sneakers_0049.jpg,red,casual,All,sneakers
dress_0018.jpg,dark_beige,purity,summer,dress
hoody_0031.jpg,red,casual,spring/fall,hoody
leggings_0001.jpg,gray,sporty,All,leggings
tshirt_long_0028.jpg,black,casual,spring/fall,tshirt_long
jean_0003.jpg,navy,casual,winter,jean
fleece_jacket_0019.jpg,white,casual,winter,fleece_jacket
jean_0041.jpg,dark_beige,casual,winter,jean
vest_0040.jpg,brown,casual,spring/fall,vest
walker_0050.jpg,dark_beige,modern,winter,walker
short_padding_0024.jpg,gray,casual,winter,short_padding
jumper_0047.jpg,red,casual,spring/fall,jumper
flat_shoes_0034.jpg,pink,purity,All,flat_shoes
top_others_0005.jpg,navy,casual,summer,top_others
dress_0041.jpg,pink,purity,summer,dress
sleeveless_0005.jpg,white,street,summer,sleeveless
leggings_0029.jpg,gray,sporty,All,leggings
top_others_0006.jpg,navy,modern,summer,top_others
sneakers_0006.jpg,black,casual,All,sneakers
trench_coat_0028.jpg,navy,modern,spring/fall,trench_coat
hightop_0034.jpg,gray,casual,summer,hightop
long_padding_0041.jpg,brown,casual,winter,long_padding
flat_shoes_0010.jpg,black,modern,All,flat_shoes
skirt_0038.jpg,dark_beige,modern,spring/fall,skirt
hoody_0027.jpg,blue,casual,spring/fall,hoody
sweater_0002.jpg,red,modern,winter,sweater
top_others_0028.jpg,red,modern,spring/fall,top_others
flat_shoes_0019.jpg,red,formal/office,All,flat_shoes
top_others_0017.jpg,blue,modern,summer,top_others
short_padding_0047.jpg,khaki,casual,winter,short_padding
long_boots_0017.jpg,black,luxury,winter,long_boots
coat_0009.jpg,pink,modern,winter,coat
flat_shoes_0017.jpg,brown,formal/office,All,flat_shoes
leggings_0052.jpg,black,sporty,All,leggings
hightop_0005.jpg,white,casual,summer,hightop
hill_0024.jpg,black,formal/office,All,hill
cardigan_0022.jpg,purple,casual,spring/fall,cardigan
jogger_0032.jpg,black,street,winter,jogger
sneakers_0044.jpg,black,casual,All,sneakers
coach_jacket_0037.jpg,beige,street,spring/fall,coach_jacket
blazer_0100.jpg,gray,modern,spring/fall,blazer
skirt_0035.jpg,red,modern,spring/fall,skirt
slacks_0038.jpg,gray,casual,All,slacks
dress_shirt_long_0027.jpg,white,formal/office,spring/fall,dress_shirt_long
vest_0008.jpg,black,casual,spring/fall,vest
jogger_0018.jpg,black,street,winter,jogger
fleece_jacket_0031.jpg,purple,casual,winter,fleece_jacket
fleece_jacket_0002.jpg,blue,casual,winter,fleece_jacket
blazer_0097.jpg,red,formal/office,spring/fall,blazer
jumper_0002.jpg,purple,casual,spring/fall,jumper
slacks_0012.jpg,black,formal/office,All,slacks
blouse_short_0033.jpg,pink,modern,summer,blouse_short
sleeveless_0042.jpg,black,casual,summer,sleeveless
trench_coat_0006.jpg,beige,modern,spring/fall,trench_coat
blazer_0011.jpg,pink,modern,spring/fall,blazer
dress_shirt_short_0008.jpg,sky,formal/office,summer,dress_shirt_short
blazer_0093.jpg,beige,modern,spring/fall,blazer
fleece_jacket_0027.jpg,white,casual,winter,fleece_jacket
hightop_0028.jpg,black,sporty,summer,hightop
dress_shirt_long_0003.jpg,white,formal/office,spring/fall,dress_shirt_long
blazer_0026.jpg,red,modern,spring/fall,blazer
sandal_0040.jpg,navy,casual,summer,sandal
dress_0039.jpg,blue,casual,summer,dress
tshirt_short_0037.jpg,yellow,casual,summer,tshirt_short
blouse_long_0031.jpg,khaki,modern,spring/fall,blouse_long
jogger_0012.jpg,gray,street,winter,jogger
skirt_0023.jpg,pink,lovely,summer,skirt
hill_0047.jpg,navy,modern,All,hill
short_padding_0005.jpg,orange,casual,winter,short_padding
coat_0030.jpg,gray,modern,winter,coat
short_boots_0044.jpg,black,luxury,winter,short_boots
blouse_long_0048.jpg,pink,modern,spring/fall,blouse_long
cardigan_0011.jpg,dark_beige,casual,spring/fall,cardigan
jean_0030.jpg,white,casual,winter,jean
walker_0048.jpg,dark_beige,modern,winter,walker
dress_shirt_long_0042.jpg,white,formal/office,spring/fall,dress_shirt_long
blouse_short_0043.jpg,khaki,modern,summer,blouse_short
fleece_jacket_0020.jpg,beige,casual,winter,fleece_jacket
walker_0029.jpg,black,modern,winter,walker
slacks_0015.jpg,black,casual,All,slacks
leggings_0038.jpg,black,sporty,All,leggings
walker_0034.jpg,black,luxury,winter,walker
sweater_0032.jpg,beige,casual,winter,sweater
jogger_0014.jpg,black,street,winter,jogger
dress_0011.jpg,white,modern,summer,dress
jean_0039.jpg,beige,casual,winter,jean
sandal_0027.jpg,black,sporty,summer,sandal
cardigan_0028.jpg,gray,casual,spring/fall,cardigan
blazer_0048.jpg,black,modern,spring/fall,blazer
tshirt_short_0014.jpg,white,casual,summer,tshirt_short
hoody_jacket_0046.jpg,red,casual,spring/fall,hoody_jacket
long_boots_0011.jpg,black,modern,winter,long_boots
hightop_0008.jpg,white,vintage,summer,hightop
hill_0014.jpg,black,formal/office,All,hill
tshirt_short_0010.jpg,black,casual,summer,tshirt_short
jogger_0007.jpg,dark_beige,sporty,winter,jogger
blouse_short_0021.jpg,white,modern,summer,blouse_short
long_boots_0008.jpg,black,sexy,winter,long_boots
top_others_0032.jpg,white,modern,summer,top_others
tshirt_short_0021.jpg,white,casual,summer,tshirt_short
skirt_0022.jpg,gray,modern,spring/fall,skirt
hoody_jacket_0031.jpg,orange,casual,spring/fall,hoody_jacket
cardigan_0016.jpg,gray,casual,spring/fall,cardigan
dress_shirt_short_0043.jpg,green,modern,summer,dress_shirt_short
mtm_0027.jpg,white,casual,spring/fall,mtm
running_shoes_0025.jpg,white,sporty,All,running_shoes
dress_shirt_long_0011.jpg,navy,dandy,spring/fall,dress_shirt_long
running_shoes_0003.jpg,white,sporty,All,running_shoes
sandal_0049.jpg,black,sporty,summer,sandal
vest_0033.jpg,black,formal/office,spring/fall,vest
running_shoes_0047.jpg,white,sporty,All,running_shoes
vest_0024.jpg,black,casual,spring/fall,vest
jean_0040.jpg,white,casual,winter,jean
jumper_0027.jpg,black,casual,spring/fall,jumper
dress_0015.jpg,red,casual,spring/fall,dress
blouse_short_0036.jpg,white,modern,summer,blouse_short
blouse_long_0029.jpg,pink,modern,spring/fall,blouse_long
coach_jacket_0039.jpg,pink,street,spring/fall,coach_jacket
short_boots_0029.jpg,black,modern,winter,short_boots
jumper_0007.jpg,navy,casual,spring/fall,jumper
leggings_0003.jpg,gray,sporty,All,leggings
hill_0007.jpg,black,luxury,All,hill
tshirt_short_0047.jpg,sky,casual,summer,tshirt_short
sleeveless_0014.jpg,white,casual,summer,sleeveless
sneakers_0020.jpg,navy,casual,All,sneakers
cardigan_0050.jpg,green,casual,spring/fall,cardigan
top_others_0014.jpg,navy,modern,summer,top_others
running_shoes_0031.jpg,white,sporty,All,running_shoes
hoody_jacket_0027.jpg,gray,casual,spring/fall,hoody_jacket
dress_shirt_short_0017.jpg,sky,formal/office,summer,dress_shirt_short
dress_shirt_long_0029.jpg,blue,formal/office,spring/fall,dress_shirt_long
dress_shirt_short_0022.jpg,sky,formal/office,summer,dress_shirt_short
long_padding_0005.jpg,brown,casual,winter,long_padding
hoody_0016.jpg,khaki,casual,spring/fall,hoody
hoody_0032.jpg,black,casual,spring/fall,hoody
hill_0003.jpg,black,sexy,All,hill
blouse_long_0024.jpg,white,modern,spring/fall,blouse_long
hoody_jacket_0014.jpg,navy,casual,spring/fall,hoody_jacket
jumper_0023.jpg,khaki,casual,spring/fall,jumper
hill_0040.jpg,brown,formal/office,All,hill
short_boots_0038.jpg,black,sexy,winter,short_boots
hoody_jacket_0019.jpg,red,sporty,spring/fall,hoody_jacket
long_padding_0021.jpg,dark_beige,casual,winter,long_padding
loafer_0047.jpg,black,formal/office,All,loafer
fleece_jacket_0035.jpg,green,casual,winter,fleece_jacket
trench_coat_0002.jpg,beige,modern,spring/fall,trench_coat
walker_0021.jpg,black,formal/office,winter,walker
long_boots_0013.jpg,black,modern,winter,long_boots
vest_0013.jpg,beige,casual,spring/fall,vest
hill_0037.jpg,black,luxury,All,hill
leggings_0049.jpg,white,sporty,All,leggings
flat_shoes_0005.jpg,black,modern,All,flat_shoes
sandal_0008.jpg,black,sporty,summer,sandal
long_boots_0007.jpg,khaki,vintage,winter,long_boots
sleeveless_0048.jpg,black,sexy,summer,sleeveless
trench_coat_0020.jpg,beige,modern,spring/fall,trench_coat
leather_jacket_0059.jpg,khaki,street,winter,leather_jacket
skirt_0029.jpg,navy,casual,spring/fall,skirt
sandal_0021.jpg,brown,casual,summer,sandal
cardigan_0042.jpg,brown,casual,spring/fall,cardigan
short_boots_0002.jpg,white,modern,winter,short_boots
sweater_0031.jpg,beige,casual,winter,sweater
tshirt_short_0031.jpg,yellow,casual,summer,tshirt_short
coat_0031.jpg,beige,modern,winter,coat
slacks_0032.jpg,black,formal/office,All,slacks
dress_shirt_long_0026.jpg,sky,formal/office,spring/fall,dress_shirt_long
tshirt_short_0035.jpg,blue,casual,summer,tshirt_short
jean_0002.jpg,white,casual,winter,jean
loafer_0003.jpg,black,formal/office,All,loafer
hill_0017.jpg,black,modern,All,hill
hill_0005.jpg,black,formal/office,All,hill
sleeveless_0007.jpg,gray,street,summer,sleeveless
loafer_0002.jpg,brown,formal/office,All,loafer
top_others_0020.jpg,white,modern,summer,top_others
top_others_0027.jpg,white,modern,summer,top_others
walker_0003.jpg,black,modern,winter,walker
dress_shirt_short_0042.jpg,sky,dandy,summer,dress_shirt_short
fleece_jacket_0030.jpg,sky,casual,winter,fleece_jacket
sandal_0051.jpg,beige,sporty,summer,sandal
blazer_0056.jpg,white,modern,spring/fall,blazer
hoody_jacket_0008.jpg,yellow,sporty,spring/fall,hoody_jacket
long_padding_0026.jpg,brown,casual,winter,long_padding
blazer_0049.jpg,black,modern,spring/fall,blazer
jean_0008.jpg,white,casual,winter,jean
hightop_0001.jpg,black,sporty,summer,hightop
short_boots_0053.jpg,black,modern,winter,short_boots
trench_coat_0033.jpg,khaki,modern,spring/fall,trench_coat
tshirt_short_0032.jpg,pink,casual,summer,tshirt_short
blouse_short_0014.jpg,dark_beige,modern,summer,blouse_short
hightop_0043.jpg,white,sporty,summer,hightop
cardigan_0021.jpg,white,casual,spring/fall,cardigan
loafer_0050.jpg,black,formal/office,All,loafer
jumper_0006.jpg,khaki,casual,spring/fall,jumper
cardigan_0003.jpg,green,casual,spring/fall,cardigan
jumper_0001.jpg,black,casual,spring/fall,jumper
cardigan_0024.jpg,navy,casual,spring/fall,cardigan
jumper_0003.jpg,sky,casual,spring/fall,jumper
mtm_0029.jpg,pink,casual,spring/fall,mtm
long_padding_0049.jpg,black,casual,winter,long_padding
flat_shoes_0031.jpg,pink,lovely,All,flat_shoes
sneakers_0014.jpg,orange,casual,All,sneakers
jean_0010.jpg,blue,casual,winter,jean
flat_shoes_0030.jpg,sky,purity,All,flat_shoes
loafer_0032.jpg,black,formal/office,All,loafer
blazer_0075.jpg,blue,modern,spring/fall,blazer
running_shoes_0011.jpg,white,sporty,All,running_shoes
short_boots_0024.jpg,black,sexy,winter,short_boots
vest_0032.jpg,black,casual,winter,vest
running_shoes_0018.jpg,white,sporty,All,running_shoes
hill_0001.jpg,brown,luxury,All,hill
skirt_0019.jpg,white,modern,spring/fall,skirt
leggings_0007.jpg,yellow,sporty,All,leggings
slacks_0016.jpg,dark_beige,formal/office,All,slacks
hightop_0003.jpg,black,casual,summer,hightop
jean_0009.jpg,blue,casual,winter,jean
walker_0018.jpg,black,modern,winter,walker
hill_0041.jpg,brown,formal/office,All,hill
leather_jacket_0007.jpg,black,street,winter,leather_jacket
sneakers_0046.jpg,white,casual,All,sneakers
jogger_0002.jpg,black,sporty,winter,jogger
jumper_0025.jpg,khaki,casual,winter,jumper
mtm_0044.jpg,beige,casual,spring/fall,mtm
trench_coat_0040.jpg,red,modern,spring/fall,trench_coat
coach_jacket_0045.jpg,navy,street,spring/fall,coach_jacket
mtm_0011.jpg,green,street,spring/fall,mtm
dress_0048.jpg,gray,lovely,summer,dress
walker_0007.jpg,black,formal/office,winter,walker
sleeveless_0002.jpg,black,modern,summer,sleeveless
blazer_0008.jpg,red,modern,spring/fall,blazer
blouse_short_0049.jpg,pink,modern,summer,blouse_short
coach_jacket_0032.jpg,blue,street,spring/fall,coach_jacket
leggings_0024.jpg,black,sporty,All,leggings
blazer_0058.jpg,khaki,modern,spring/fall,blazer
long_padding_0035.jpg,beige,casual,winter,long_padding
loafer_0044.jpg,brown,formal/office,All,loafer
long_padding_0036.jpg,black,casual,winter,long_padding
fleece_jacket_0006.jpg,brown,casual,winter,fleece_jacket
running_shoes_0032.jpg,black,sporty,All,running_shoes
coach_jacket_0038.jpg,black,street,spring/fall,coach_jacket
short_boots_0003.jpg,brown,modern,winter,short_boots
dress_0019.jpg,yellow,modern,summer,dress
sneakers_0028.jpg,brown,casual,All,sneakers
sleeveless_0031.jpg,gray,casual,summer,sleeveless
skirt_0025.jpg,black,modern,spring/fall,skirt
leather_jacket_0003.jpg,pink,street,winter,leather_jacket
long_boots_0024.jpg,black,modern,winter,long_boots
dress_shirt_short_0028.jpg,pink,formal/office,summer,dress_shirt_short
hightop_0047.jpg,gray,casual,summer,hightop
short_padding_0044.jpg,black,casual,winter,short_padding
leggings_0020.jpg,navy,sporty,All,leggings
long_boots_0041.jpg,khaki,vintage,winter,long_boots
blouse_short_0003.jpg,black,formal/office,summer,blouse_short
coat_0045.jpg,beige,modern,winter,coat
coach_jacket_0044.jpg,yellow_green,street,spring/fall,coach_jacket
coat_0015.jpg,black,modern,winter,coat
hoody_0038.jpg,green,casual,spring/fall,hoody
coach_jacket_0005.jpg,beige,street,spring/fall,coach_jacket
leggings_0043.jpg,black,sporty,All,leggings
blazer_0005.jpg,sky,modern,spring/fall,blazer
hoody_jacket_0045.jpg,khaki,sporty,spring/fall,hoody_jacket
coat_0007.jpg,white,modern,winter,coat
trench_coat_0037.jpg,black,modern,spring/fall,trench_coat
short_boots_0032.jpg,black,modern,winter,short_boots
slacks_0010.jpg,black,street,All,slacks
jumper_0024.jpg,black,casual,spring/fall,jumper
jogger_0016.jpg,navy,sporty,winter,jogger
tshirt_short_0003.jpg,yellow,casual,summer,tshirt_short
blazer_0098.jpg,navy,modern,spring/fall,blazer
blouse_long_0026.jpg,beige,formal/office,spring/fall,blouse_long
coat_0010.jpg,gray,modern,winter,coat
hoody_0037.jpg,khaki,casual,spring/fall,hoody
hoody_0050.jpg,khaki,street,spring/fall,hoody
coat_0036.jpg,yellow,modern,winter,coat
dress_shirt_short_0050.jpg,sky,formal/office,summer,dress_shirt_short
flat_shoes_0015.jpg,beige,purity,All,flat_shoes
tshirt_long_0045.jpg,gray,casual,spring/fall,tshirt_long
sleeveless_0012.jpg,black,casual,summer,sleeveless
jean_0049.jpg,sky,casual,winter,jean
short_padding_0038.jpg,khaki,casual,winter,short_padding
blazer_0101.jpg,navy,modern,winter,blazer
hightop_0032.jpg,black,sporty,summer,hightop
dress_shirt_short_0007.jpg,green,modern,summer,dress_shirt_short
long_padding_0017.jpg,beige,luxury,winter,long_padding
sweater_0004.jpg,gray,casual,winter,sweater
top_others_0021.jpg,white,modern,summer,top_others
sneakers_0032.jpg,black,casual,All,sneakers
mtm_0030.jpg,sky,casual,spring/fall,mtm
fleece_jacket_0009.jpg,white,casual,winter,fleece_jacket
leggings_0047.jpg,black,sporty,All,leggings
sandal_0007.jpg,black,modern,summer,sandal
skirt_0028.jpg,black,casual,spring/fall,skirt
coach_jacket_0028.jpg,khaki,street,spring/fall,coach_jacket
dress_0028.jpg,red,casual,winter,dress
leggings_0027.jpg,black,sporty,All,leggings
long_boots_0010.jpg,black,modern,winter,long_boots
hoody_jacket_0004.jpg,white,sporty,spring/fall,hoody_jacket
running_shoes_0027.jpg,black,sporty,All,running_shoes
dress_0043.jpg,beige,casual,summer,dress
tshirt_short_0026.jpg,gray,casual,summer,tshirt_short
short_boots_0025.jpg,black,luxury,winter,short_boots
sweater_0020.jpg,white,modern,winter,sweater
leather_jacket_0038.jpg,black,street,spring/fall,leather_jacket
sweater_0024.jpg,sky,casual,winter,sweater
blazer_0067.jpg,black,modern,spring/fall,blazer
slacks_0027.jpg,black,formal/office,All,slacks
skirt_0004.jpg,beige,casual,summer,skirt
leggings_0045.jpg,black,sporty,All,leggings
flat_shoes_0008.jpg,black,modern,All,flat_shoes
hill_0036.jpg,black,luxury,All,hill
blazer_0069.jpg,blue,modern,spring/fall,blazer
running_shoes_0014.jpg,blue,sporty,All,running_shoes
jumper_0042.jpg,black,casual,spring/fall,jumper
hoody_jacket_0043.jpg,pink,casual,spring/fall,hoody_jacket
tshirt_long_0016.jpg,white,casual,spring/fall,tshirt_long
trench_coat_0005.jpg,black,modern,spring/fall,trench_coat
jumper_0009.jpg,navy,casual,spring/fall,jumper
tshirt_long_0038.jpg,brown,casual,spring/fall,tshirt_long
long_padding_0037.jpg,black,casual,winter,long_padding
skirt_0024.jpg,beige,casual,spring/fall,skirt
blouse_long_0010.jpg,pink,formal/office,spring/fall,blouse_long
running_shoes_0008.jpg,white,sporty,All,running_shoes
tshirt_short_0012.jpg,black,casual,summer,tshirt_short
long_boots_0012.jpg,black,luxury,winter,long_boots
short_boots_0055.jpg,black,modern,winter,short_boots
trench_coat_0039.jpg,yellow,modern,spring/fall,trench_coat
short_boots_0016.jpg,black,modern,winter,short_boots
long_padding_0039.jpg,gray,casual,winter,long_padding
top_others_0034.jpg,navy,modern,summer,top_others
sandal_0033.jpg,gray,sporty,summer,sandal
long_padding_0050.jpg,black,casual,winter,long_padding
sleeveless_0051.jpg,black,modern,summer,sleeveless
vest_0009.jpg,gray,casual,spring/fall,vest
sleeveless_0032.jpg,black,casual,summer,sleeveless
slacks_0039.jpg,black,formal/office,All,slacks
jean_0020.jpg,blue,casual,winter,jean
coat_0026.jpg,orange,casual,winter,coat
long_padding_0044.jpg,black,casual,winter,long_padding
hightop_0014.jpg,black,sexy,summer,hightop
leather_jacket_0030.jpg,black,street,winter,leather_jacket
coach_jacket_0003.jpg,khaki,street,spring/fall,coach_jacket
fleece_jacket_0008.jpg,beige,casual,winter,fleece_jacket
loafer_0030.jpg,black,formal/office,All,loafer
blouse_short_0018.jpg,brown,modern,summer,blouse_short
blouse_long_0046.jpg,white,modern,spring/fall,blouse_long
leather_jacket_0046.jpg,brown,street,spring/fall,leather_jacket
cardigan_0027.jpg,brown,casual,spring/fall,cardigan
sandal_0017.jpg,dark_beige,casual,summer,sandal
hoody_jacket_0038.jpg,dark_beige,casual,spring/fall,hoody_jacket
long_boots_0003.jpg,black,sexy,winter,long_boots
jogger_0047.jpg,gray,sporty,winter,jogger
short_boots_0020.jpg,black,sexy,winter,short_boots
sandal_0014.jpg,black,modern,summer,sandal
running_shoes_0021.jpg,black,sporty,All,running_shoes
short_padding_0002.jpg,white,casual,winter,short_padding
long_padding_0008.jpg,black,luxury,winter,long_padding
jean_0027.jpg,beige,casual,winter,jean
slacks_0046.jpg,black,formal/office,All,slacks
jogger_0021.jpg,black,sporty,winter,jogger
long_padding_0007.jpg,red,casual,winter,long_padding
trench_coat_0016.jpg,beige,modern,spring/fall,trench_coat
cardigan_0008.jpg,dark_beige,casual,spring/fall,cardigan
sneakers_0022.jpg,yellow,casual,All,sneakers
trench_coat_0023.jpg,beige,modern,spring/fall,trench_coat
hoody_jacket_0023.jpg,yellow_green,casual,spring/fall,hoody_jacket
sweater_0041.jpg,beige,modern,winter,sweater
jean_0037.jpg,khaki,casual,winter,jean
blazer_0040.jpg,navy,modern,spring/fall,blazer
sandal_0032.jpg,gray,sporty,summer,sandal
jogger_0015.jpg,black,street,winter,jogger
tshirt_short_0041.jpg,black,casual,summer,tshirt_short
blouse_long_0014.jpg,white,formal/office,spring/fall,blouse_long
blazer_0039.jpg,navy,modern,spring/fall,blazer
jean_0038.jpg,black,casual,winter,jean
tshirt_long_0004.jpg,sky,casual,spring/fall,tshirt_long
vest_0047.jpg,beige,casual,spring/fall,vest
sleeveless_0028.jpg,white,casual,summer,sleeveless
blouse_short_0004.jpg,gray,modern,summer,blouse_short
long_padding_0045.jpg,black,casual,winter,long_padding
tshirt_long_0047.jpg,gray,casual,spring/fall,tshirt_long
short_boots_0030.jpg,black,modern,winter,short_boots
short_boots_0028.jpg,black,sexy,winter,short_boots
jogger_0026.jpg,black,sporty,winter,jogger
blouse_long_0011.jpg,beige,modern,spring/fall,blouse_long
jumper_0036.jpg,black,casual,spring/fall,jumper
sleeveless_0016.jpg,black,casual,summer,sleeveless
flat_shoes_0029.jpg,sky,purity,All,flat_shoes
short_boots_0036.jpg,black,modern,winter,short_boots
dress_shirt_long_0041.jpg,black,formal/office,spring/fall,dress_shirt_long
walker_0024.jpg,brown,vintage,winter,walker
jumper_0004.jpg,brown,casual,spring/fall,jumper
short_padding_0041.jpg,white,casual,winter,short_padding
long_padding_0003.jpg,gray,casual,winter,long_padding
leggings_0012.jpg,pink,sporty,All,leggings
cardigan_0019.jpg,orange,casual,spring/fall,cardigan
short_padding_0008.jpg,gray,casual,winter,short_padding
leather_jacket_0055.jpg,brown,street,spring/fall,leather_jacket
leather_jacket_0026.jpg,black,street,winter,leather_jacket
dress_shirt_short_0031.jpg,navy,dandy,summer,dress_shirt_short
blouse_short_0028.jpg,yellow,modern,summer,blouse_short
jogger_0037.jpg,black,sporty,winter,jogger
jogger_0003.jpg,black,sporty,winter,jogger
long_boots_0037.jpg,black,luxury,winter,long_boots
hill_0025.jpg,green,luxury,All,hill
coach_jacket_0018.jpg,black,street,spring/fall,coach_jacket
blouse_long_0032.jpg,beige,modern,spring/fall,blouse_long
blazer_0041.jpg,white,modern,spring/fall,blazer
dress_0013.jpg,red,formal/office,spring/fall,dress
walker_0028.jpg,black,modern,winter,walker
dress_shirt_short_0026.jpg,white,formal/office,summer,dress_shirt_short
blazer_0085.jpg,black,modern,spring/fall,blazer
dress_shirt_long_0037.jpg,navy,dandy,spring/fall,dress_shirt_long
dress_0012.jpg,pink,casual,summer,dress
sneakers_0016.jpg,khaki,casual,All,sneakers
coach_jacket_0050.jpg,brown,casual,winter,coach_jacket
vest_0027.jpg,black,casual,spring/fall,vest
trench_coat_0047.jpg,navy,modern,spring/fall,trench_coat
mtm_0046.jpg,black,street,spring/fall,mtm
short_padding_0028.jpg,yellow,casual,winter,short_padding
hoody_jacket_0020.jpg,orange,sporty,spring/fall,hoody_jacket
hightop_0046.jpg,black,casual,summer,hightop
jogger_0001.jpg,black,street,winter,jogger
loafer_0043.jpg,black,formal/office,All,loafer
flat_shoes_0027.jpg,red,vintage,All,flat_shoes
dress_0002.jpg,brown,modern,winter,dress
top_others_0025.jpg,gray,modern,summer,top_others
leather_jacket_0041.jpg,brown,street,spring/fall,leather_jacket
long_boots_0048.jpg,black,luxury,winter,long_boots
top_others_0012.jpg,navy,modern,spring/fall,top_others
leather_jacket_0040.jpg,black,street,spring/fall,leather_jacket
sweater_0014.jpg,navy,modern,winter,sweater
sneakers_0002.jpg,black,casual,All,sneakers
flat_shoes_0032.jpg,pink,lovely,All,flat_shoes
jean_0050.jpg,white,casual,winter,jean
top_others_0044.jpg,brown,modern,summer,top_others
jogger_0049.jpg,dark_beige,sporty,winter,jogger
long_padding_0032.jpg,black,casual,winter,long_padding
top_others_0015.jpg,red,casual,summer,top_others
blouse_long_0008.jpg,white,formal/office,spring/fall,blouse_long
leather_jacket_0023.jpg,black,street,winter,leather_jacket
long_boots_0029.jpg,black,luxury,winter,long_boots
sandal_0043.jpg,black,sporty,summer,sandal
sleeveless_0022.jpg,black,casual,summer,sleeveless
blazer_0064.jpg,navy,modern,spring/fall,blazer
slacks_0050.jpg,beige,casual,All,slacks
vest_0034.jpg,black,dandy,spring/fall,vest
jumper_0026.jpg,black,casual,spring/fall,jumper
cardigan_0034.jpg,gray,casual,spring/fall,cardigan
hill_0032.jpg,black,modern,All,hill
short_boots_0021.jpg,black,sexy,winter,short_boots
coach_jacket_0016.jpg,yellow,street,spring/fall,coach_jacket
coat_0043.jpg,navy,modern,winter,coat
tshirt_short_0040.jpg,purple,casual,summer,tshirt_short
running_shoes_0024.jpg,black,sporty,All,running_shoes
dress_shirt_short_0001.jpg,pink,dandy,summer,dress_shirt_short
jogger_0030.jpg,white,sporty,winter,jogger
jumper_0044.jpg,black,casual,spring/fall,jumper
long_padding_0018.jpg,green,casual,winter,long_padding
tshirt_long_0032.jpg,navy,casual,spring/fall,tshirt_long
jogger_0005.jpg,black,street,winter,jogger
hightop_0038.jpg,black,lovely,summer,hightop
trench_coat_0019.jpg,beige,modern,spring/fall,trench_coat
hightop_0016.jpg,gray,sexy,summer,hightop
dress_shirt_long_0005.jpg,gray,casual,spring/fall,dress_shirt_long
fleece_jacket_0029.jpg,beige,casual,winter,fleece_jacket
tshirt_long_0036.jpg,gray,casual,spring/fall,tshirt_long
mtm_0033.jpg,gray,casual,spring/fall,mtm
hoody_jacket_0049.jpg,white,sporty,spring/fall,hoody_jacket
dress_shirt_long_0051.jpg,black,formal/office,spring/fall,dress_shirt_long
sleeveless_0050.jpg,black,modern,summer,sleeveless
cardigan_0006.jpg,gray,casual,spring/fall,cardigan
short_padding_0022.jpg,pink,casual,winter,short_padding
flat_shoes_0021.jpg,red,modern,All,flat_shoes
tshirt_long_0026.jpg,gray,casual,spring/fall,tshirt_long
slacks_0045.jpg,black,formal/office,All,slacks
sweater_0018.jpg,gray,modern,winter,sweater
tshirt_long_0008.jpg,gray,casual,spring/fall,tshirt_long
coat_0044.jpg,gray,modern,winter,coat
leather_jacket_0013.jpg,brown,street,winter,leather_jacket
jogger_0010.jpg,black,street,winter,jogger
running_shoes_0002.jpg,white,sporty,All,running_shoes
blouse_long_0045.jpg,black,modern,spring/fall,blouse_long
coat_0022.jpg,beige,modern,winter,coat
long_boots_0018.jpg,black,sexy,winter,long_boots
flat_shoes_0011.jpg,dark_beige,lovely,All,flat_shoes
trench_coat_0025.jpg,black,modern,spring/fall,trench_coat
running_shoes_0036.jpg,white,sporty,All,running_shoes
blouse_short_0024.jpg,beige,modern,summer,blouse_short
coach_jacket_0041.jpg,black,street,spring/fall,coach_jacket
flat_shoes_0006.jpg,black,modern,All,flat_shoes
tshirt_short_0006.jpg,white,casual,summer,tshirt_short
top_others_0035.jpg,white,modern,summer,top_others
hoody_0004.jpg,green,casual,spring/fall,hoody
jogger_0042.jpg,gray,sporty,winter,jogger
dress_0009.jpg,navy,casual,summer,dress
blouse_long_0005.jpg,white,modern,spring/fall,blouse_long
short_boots_0051.jpg,black,sexy,winter,short_boots
long_boots_0033.jpg,black,modern,winter,long_boots
running_shoes_0028.jpg,black,sporty,All,running_shoes
blouse_short_0031.jpg,white,modern,summer,blouse_short
long_padding_0029.jpg,black,casual,winter,long_padding
sleeveless_0023.jpg,black,casual,summer,sleeveless
sandal_0037.jpg,white,casual,summer,sandal
blouse_long_0030.jpg,gray,modern,spring/fall,blouse_long
flat_shoes_0033.jpg,black,luxury,All,flat_shoes
hill_0028.jpg,black,modern,All,hill
mtm_0038.jpg,beige,casual,spring/fall,mtm
coach_jacket_0030.jpg,orange,street,spring/fall,coach_jacket
leggings_0009.jpg,purple,sporty,All,leggings
dress_shirt_long_0010.jpg,white,formal/office,spring/fall,dress_shirt_long
tshirt_long_0035.jpg,black,casual,spring/fall,tshirt_long
cardigan_0015.jpg,white,casual,spring/fall,cardigan
tshirt_short_0016.jpg,white,casual,summer,tshirt_short
sleeveless_0006.jpg,white,casual,summer,sleeveless
short_padding_0050.jpg,gray,casual,winter,short_padding
leather_jacket_0045.jpg,black,street,spring/fall,leather_jacket
hill_0021.jpg,pink,sexy,All,hill
blouse_short_0019.jpg,white,modern,summer,blouse_short
cardigan_0037.jpg,yellow,casual,spring/fall,cardigan
leather_jacket_0042.jpg,black,street,winter,leather_jacket
sleeveless_0044.jpg,black,casual,summer,sleeveless
leather_jacket_0048.jpg,brown,street,spring/fall,leather_jacket
coat_0021.jpg,beige,modern,winter,coat
top_others_0033.jpg,gray,modern,summer,top_others
vest_0023.jpg,gray,dandy,spring/fall,vest
dress_shirt_long_0002.jpg,gray,formal/office,spring/fall,dress_shirt_long
top_others_0041.jpg,navy,modern,summer,top_others
short_padding_0032.jpg,black,casual,winter,short_padding
hoody_0013.jpg,green,casual,spring/fall,hoody
cardigan_0033.jpg,navy,casual,spring/fall,cardigan
flat_shoes_0042.jpg,gray,purity,All,flat_shoes
jogger_0019.jpg,black,street,winter,jogger
hoody_0049.jpg,black,casual,spring/fall,hoody
hoody_jacket_0022.jpg,navy,casual,spring/fall,hoody_jacket
hightop_0044.jpg,white,casual,summer,hightop
coat_0037.jpg,green,modern,winter,coat
dress_shirt_long_0012.jpg,gray,casual,spring/fall,dress_shirt_long
fleece_jacket_0023.jpg,gray,casual,winter,fleece_jacket
sandal_0050.jpg,beige,sporty,summer,sandal
sneakers_0037.jpg,white,casual,All,sneakers
running_shoes_0035.jpg,white,sporty,All,running_shoes
sandal_0016.jpg,dark_beige,casual,summer,sandal
sandal_0018.jpg,black,modern,summer,sandal
short_boots_0049.jpg,black,modern,winter,short_boots
sleeveless_0013.jpg,black,street,summer,sleeveless
leggings_0042.jpg,black,sporty,All,leggings
jogger_0004.jpg,black,casual,winter,jogger
dress_shirt_short_0020.jpg,sky,modern,summer,dress_shirt_short
sweater_0034.jpg,beige,modern,winter,sweater
hoody_0018.jpg,orange,casual,spring/fall,hoody
loafer_0045.jpg,black,formal/office,All,loafer
dress_shirt_short_0003.jpg,gray,formal/office,summer,dress_shirt_short
blouse_short_0007.jpg,sky,modern,summer,blouse_short
coat_0017.jpg,brown,modern,winter,coat
hoody_0001.jpg,black,casual,spring/fall,hoody
jumper_0017.jpg,purple,casual,spring/fall,jumper
blouse_short_0015.jpg,black,modern,summer,blouse_short
long_boots_0032.jpg,black,modern,winter,long_boots
sandal_0030.jpg,black,sporty,summer,sandal
jumper_0018.jpg,black,casual,spring/fall,jumper
vest_0004.jpg,brown,dandy,spring/fall,vest
short_padding_0030.jpg,yellow_green,casual,winter,short_padding
blazer_0099.jpg,beige,modern,winter,blazer
coat_0001.jpg,gray,modern,winter,coat
slacks_0030.jpg,black,formal/office,All,slacks
long_padding_0002.jpg,white,casual,winter,long_padding
loafer_0021.jpg,brown,formal/office,All,loafer
tshirt_long_0002.jpg,white,casual,spring/fall,tshirt_long
dress_shirt_short_0046.jpg,pink,modern,summer,dress_shirt_short
hoody_jacket_0011.jpg,khaki,sporty,spring/fall,hoody_jacket
hoody_0011.jpg,navy,casual,spring/fall,hoody
mtm_0021.jpg,black,casual,spring/fall,mtm
mtm_0002.jpg,gray,casual,spring/fall,mtm
leather_jacket_0052.jpg,brown,street,winter,leather_jacket
walker_0025.jpg,brown,vintage,winter,walker
hightop_0036.jpg,gray,sporty,summer,hightop
flat_shoes_0051.jpg,beige,lovely,All,flat_shoes
leggings_0046.jpg,beige,sporty,All,leggings
trench_coat_0007.jpg,beige,modern,spring/fall,trench_coat
short_boots_0014.jpg,black,luxury,winter,short_boots
walker_0030.jpg,black,modern,winter,walker
long_boots_0042.jpg,black,luxury,winter,long_boots
dress_shirt_long_0040.jpg,black,modern,spring/fall,dress_shirt_long
loafer_0011.jpg,black,formal/office,All,loafer
dress_shirt_short_0057.jpg,sky,formal/office,summer,dress_shirt_short
skirt_0030.jpg,white,casual,spring/fall,skirt
coach_jacket_0014.jpg,black,street,winter,coach_jacket
sneakers_0039.jpg,pink,casual,All,sneakers
slacks_0006.jpg,gray,casual,All,slacks
blazer_0055.jpg,black,modern,spring/fall,blazer
mtm_0032.jpg,yellow,casual,spring/fall,mtm
jogger_0025.jpg,yellow,sporty,winter,jogger
jogger_0039.jpg,navy,sporty,winter,jogger
coat_0048.jpg,brown,modern,winter,coat
mtm_0006.jpg,black,casual,spring/fall,mtm
cardigan_0001.jpg,gray,casual,winter,cardigan
running_shoes_0033.jpg,black,sporty,All,running_shoes
coach_jacket_0004.jpg,purple,street,spring/fall,coach_jacket
jumper_0050.jpg,navy,casual,spring/fall,jumper
long_padding_0022.jpg,black,casual,winter,long_padding
jean_0026.jpg,yellow,casual,winter,jean
sandal_0039.jpg,navy,casual,summer,sandal
short_padding_0012.jpg,purple,casual,winter,short_padding
hill_0023.jpg,black,formal/office,All,hill
hoody_jacket_0028.jpg,navy,casual,spring/fall,hoody_jacket
tshirt_short_0038.jpg,navy,casual,summer,tshirt_short
skirt_0016.jpg,beige,modern,spring/fall,skirt
tshirt_short_0009.jpg,black,street,summer,tshirt_short
mtm_0043.jpg,khaki,casual,spring/fall,mtm
dress_shirt_short_0005.jpg,sky,formal/office,summer,dress_shirt_short
hoody_jacket_0015.jpg,white,casual,spring/fall,hoody_jacket
slacks_0003.jpg,black,formal/office,All,slacks
blouse_short_0044.jpg,white,formal/office,summer,blouse_short
jumper_0032.jpg,black,casual,spring/fall,jumper
slacks_0035.jpg,black,formal/office,All,slacks
blazer_0047.jpg,gray,modern,spring/fall,blazer
fleece_jacket_0014.jpg,beige,casual,winter,fleece_jacket
short_boots_0027.jpg,gray,modern,winter,short_boots
sandal_0024.jpg,black,casual,summer,sandal
short_boots_0008.jpg,black,modern,winter,short_boots
dress_shirt_short_0021.jpg,gray,modern,summer,dress_shirt_short
tshirt_short_0027.jpg,yellow,casual,summer,tshirt_short
hoody_jacket_0025.jpg,khaki,casual,spring/fall,hoody_jacket
cardigan_0020.jpg,orange,casual,spring/fall,cardigan
coach_jacket_0007.jpg,black,street,spring/fall,coach_jacket
blouse_short_0001.jpg,sky,modern,summer,blouse_short
vest_0014.jpg,purple,casual,spring/fall,vest
blouse_short_0016.jpg,brown,modern,summer,blouse_short
jogger_0048.jpg,blue,sporty,winter,jogger
tshirt_long_0017.jpg,white,casual,spring/fall,tshirt_long
jogger_0006.jpg,black,casual,winter,jogger
jean_0044.jpg,dark_beige,casual,winter,jean
blouse_long_0047.jpg,gray,modern,spring/fall,blouse_long
hightop_0031.jpg,gray,sporty,summer,hightop
loafer_0031.jpg,black,formal/office,All,loafer
jean_0019.jpg,blue,casual,winter,jean
sneakers_0035.jpg,white,casual,All,sneakers
running_shoes_0030.jpg,white,sporty,All,running_shoes
blouse_short_0029.jpg,yellow,modern,summer,blouse_short
dress_shirt_short_0038.jpg,sky,dandy,summer,dress_shirt_short
leather_jacket_0047.jpg,black,street,spring/fall,leather_jacket
leggings_0032.jpg,black,sporty,All,leggings
tshirt_long_0012.jpg,white,casual,spring/fall,tshirt_long
coat_0028.jpg,dark_beige,modern,winter,coat
short_boots_0018.jpg,brown,luxury,winter,short_boots
loafer_0007.jpg,black,formal/office,All,loafer
running_shoes_0049.jpg,white,sporty,All,running_shoes
vest_0031.jpg,beige,casual,winter,vest
running_shoes_0013.jpg,white,sporty,All,running_shoes
tshirt_long_0009.jpg,black,casual,spring/fall,tshirt_long
blouse_long_0028.jpg,pink,modern,spring/fall,blouse_long
blazer_0078.jpg,green,modern,winter,blazer
cardigan_0023.jpg,red,casual,spring/fall,cardigan
short_boots_0046.jpg,black,sexy,winter,short_boots
fleece_jacket_0005.jpg,red,casual,winter,fleece_jacket
long_padding_0011.jpg,black,casual,winter,long_padding
tshirt_short_0020.jpg,white,casual,summer,tshirt_short
short_boots_0043.jpg,brown,modern,winter,short_boots
short_boots_0010.jpg,black,modern,winter,short_boots
blazer_0080.jpg,yellow,modern,spring/fall,blazer
walker_0041.jpg,black,modern,winter,walker
vest_0019.jpg,black,casual,winter,vest
tshirt_short_0022.jpg,white,casual,summer,tshirt_short
mtm_0004.jpg,gray,street,spring/fall,mtm
dress_0046.jpg,sky,formal/office,spring/fall,dress
hoody_0002.jpg,black,street,spring/fall,hoody
sleeveless_0017.jpg,black,casual,summer,sleeveless
vest_0036.jpg,dark_beige,dandy,spring/fall,vest
jumper_0008.jpg,black,casual,spring/fall,jumper
sneakers_0003.jpg,black,casual,All,sneakers
dress_shirt_long_0016.jpg,yellow,modern,spring/fall,dress_shirt_long
jumper_0014.jpg,gray,casual,spring/fall,jumper
slacks_0002.jpg,black,formal/office,All,slacks
sleeveless_0041.jpg,black,casual,summer,sleeveless
walker_0036.jpg,brown,modern,winter,walker
sweater_0027.jpg,sky,modern,winter,sweater
skirt_0001.jpg,sky,vintage,summer,skirt
sneakers_0041.jpg,red,casual,All,sneakers
dress_shirt_short_0051.jpg,sky,casual,summer,dress_shirt_short
blouse_long_0018.jpg,purple,modern,spring/fall,blouse_long
cardigan_0045.jpg,beige,casual,spring/fall,cardigan
leggings_0025.jpg,pink,sporty,All,leggings
tshirt_short_0017.jpg,white,casual,summer,tshirt_short
vest_0012.jpg,gray,casual,spring/fall,vest
fleece_jacket_0046.jpg,white,casual,winter,fleece_jacket
loafer_0018.jpg,brown,formal/office,All,loafer
hightop_0037.jpg,sky,sporty,summer,hightop
loafer_0048.jpg,black,formal/office,All,loafer
blouse_short_0026.jpg,dark_beige,modern,summer,blouse_short
blouse_short_0045.jpg,pink,modern,summer,blouse_short
fleece_jacket_0039.jpg,red,casual,winter,fleece_jacket
top_others_0031.jpg,white,modern,summer,top_others
leather_jacket_0024.jpg,brown,street,winter,leather_jacket
leather_jacket_0054.jpg,black,street,spring/fall,leather_jacket
leggings_0037.jpg,purple,sporty,All,leggings
cardigan_0049.jpg,gray,casual,spring/fall,cardigan
short_boots_0054.jpg,black,luxury,winter,short_boots
sneakers_0011.jpg,black,casual,All,sneakers
trench_coat_0004.jpg,beige,modern,spring/fall,trench_coat
vest_0026.jpg,dark_beige,casual,spring/fall,vest
hightop_0011.jpg,white,lovely,summer,hightop
vest_0006.jpg,navy,casual,winter,vest
tshirt_long_0023.jpg,brown,casual,spring/fall,tshirt_long
leather_jacket_0012.jpg,black,street,winter,leather_jacket
leggings_0035.jpg,black,sporty,All,leggings
coach_jacket_0008.jpg,black,street,spring/fall,coach_jacket
running_shoes_0042.jpg,blue,sporty,All,running_shoes
blouse_short_0017.jpg,beige,modern,summer,blouse_short
tshirt_long_0015.jpg,white,casual,spring/fall,tshirt_long
flat_shoes_0035.jpg,pink,purity,All,flat_shoes
jogger_0031.jpg,black,street,winter,jogger
tshirt_short_0048.jpg,navy,casual,summer,tshirt_short
jean_0017.jpg,blue,casual,winter,jean
long_padding_0027.jpg,brown,casual,winter,long_padding
coach_jacket_0001.jpg,dark_beige,street,winter,coach_jacket
blazer_0032.jpg,black,modern,spring/fall,blazer
flat_shoes_0012.jpg,dark_beige,lovely,All,flat_shoes
leggings_0015.jpg,black,sporty,All,leggings
tshirt_long_0013.jpg,white,casual,spring/fall,tshirt_long
sweater_0003.jpg,pink,casual,winter,sweater
jumper_0012.jpg,pink,casual,spring/fall,jumper
dress_0024.jpg,purple,modern,winter,dress
loafer_0026.jpg,brown,formal/office,All,loafer
sweater_0040.jpg,blue,modern,winter,sweater
blazer_0072.jpg,gray,modern,spring/fall,blazer
skirt_0020.jpg,gray,modern,spring/fall,skirt
long_padding_0024.jpg,pink,casual,winter,long_padding
coach_jacket_0031.jpg,dark_beige,street,spring/fall,coach_jacket
sneakers_0045.jpg,white,casual,All,sneakers
loafer_0020.jpg,black,formal/office,All,loafer
loafer_0029.jpg,black,formal/office,All,loafer
hightop_0004.jpg,red,sexy,summer,hightop
cardigan_0013.jpg,blue,casual,spring/fall,cardigan
sleeveless_0043.jpg,black,casual,summer,sleeveless
sweater_0045.jpg,gray,modern,winter,sweater
dress_0050.jpg,gray,purity,summer,dress
sneakers_0033.jpg,black,casual,All,sneakers
hoody_jacket_0009.jpg,black,sporty,spring/fall,hoody_jacket
hoody_jacket_0012.jpg,gray,casual,spring/fall,hoody_jacket
dress_0010.jpg,white,formal/office,spring/fall,dress
sandal_0025.jpg,white,casual,summer,sandal
running_shoes_0037.jpg,white,sporty,All,running_shoes
sleeveless_0036.jpg,black,casual,summer,sleeveless
jean_0024.jpg,beige,casual,winter,jean
coach_jacket_0012.jpg,brown,street,spring/fall,coach_jacket
hightop_0041.jpg,pink,sporty,summer,hightop
tshirt_long_0033.jpg,gray,casual,spring/fall,tshirt_long
tshirt_long_0027.jpg,navy,casual,spring/fall,tshirt_long
flat_shoes_0043.jpg,gray,purity,All,flat_shoes
skirt_0021.jpg,gray,modern,spring/fall,skirt
hightop_0020.jpg,black,casual,summer,hightop
leggings_0002.jpg,black,sporty,All,leggings
long_boots_0005.jpg,black,luxury,winter,long_boots
sleeveless_0034.jpg,navy,casual,summer,sleeveless
flat_shoes_0049.jpg,red,luxury,All,flat_shoes
leggings_0016.jpg,black,sporty,All,leggings
short_boots_0039.jpg,black,luxury,winter,short_boots
dress_0021.jpg,black,modern,winter,dress
vest_0025.jpg,dark_beige,dandy,spring/fall,vest
sweater_0030.jpg,brown,modern,winter,sweater
fleece_jacket_0018.jpg,white,casual,winter,fleece_jacket
long_padding_0043.jpg,black,casual,winter,long_padding
sandal_0004.jpg,black,dandy,summer,sandal
loafer_0028.jpg,black,formal/office,All,loafer
sandal_0038.jpg,white,casual,summer,sandal
leather_jacket_0001.jpg,black,street,spring/fall,leather_jacket
flat_shoes_0047.jpg,brown,modern,All,flat_shoes
sneakers_0015.jpg,white,casual,All,sneakers
leather_jacket_0039.jpg,black,street,winter,leather_jacket
trench_coat_0031.jpg,sky,modern,spring/fall,trench_coat
long_boots_0040.jpg,black,luxury,winter,long_boots
tshirt_short_0024.jpg,gray,casual,summer,tshirt_short
sweater_0016.jpg,gray,modern,winter,sweater
leggings_0021.jpg,gray,sporty,All,leggings
short_boots_0006.jpg,black,luxury,winter,short_boots
blouse_long_0044.jpg,khaki,modern,spring/fall,blouse_long
skirt_0031.jpg,blue,modern,spring/fall,skirt
flat_shoes_0023.jpg,navy,formal/office,All,flat_shoes
leather_jacket_0020.jpg,brown,street,winter,leather_jacket
dress_shirt_short_0019.jpg,green,modern,summer,dress_shirt_short
hoody_0014.jpg,red,casual,spring/fall,hoody
sleeveless_0011.jpg,black,casual,summer,sleeveless
dress_shirt_long_0024.jpg,black,dandy,spring/fall,dress_shirt_long
trench_coat_0035.jpg,beige,modern,spring/fall,trench_coat
leggings_0034.jpg,gray,sporty,All,leggings
dress_shirt_long_0032.jpg,sky,formal/office,spring/fall,dress_shirt_long
tshirt_short_0028.jpg,yellow,casual,summer,tshirt_short
skirt_0040.jpg,gray,lovely,spring/fall,skirt
sleeveless_0033.jpg,black,casual,summer,sleeveless
vest_0048.jpg,orange,casual,winter,vest
jean_0006.jpg,blue,casual,winter,jean
jogger_0035.jpg,black,street,winter,jogger
coach_jacket_0022.jpg,gray,street,spring/fall,coach_jacket
dress_shirt_short_0018.jpg,gray,formal/office,summer,dress_shirt_short
dress_shirt_short_0036.jpg,blue,modern,summer,dress_shirt_short
blouse_long_0022.jpg,white,formal/office,spring/fall,blouse_long
skirt_0014.jpg,black,modern,All,skirt
coach_jacket_0047.jpg,sky,casual,spring/fall,coach_jacket
slacks_0028.jpg,gray,casual,All,slacks
short_boots_0011.jpg,black,luxury,winter,short_boots
long_boots_0050.jpg,black,luxury,winter,long_boots
hoody_0010.jpg,brown,casual,spring/fall,hoody
cardigan_0007.jpg,brown,casual,spring/fall,cardigan
leather_jacket_0058.jpg,red,street,spring/fall,leather_jacket
slacks_0007.jpg,gray,modern,winter,slacks
blazer_0081.jpg,black,modern,spring/fall,blazer
long_padding_0028.jpg,black,casual,winter,long_padding
coach_jacket_0019.jpg,black,street,spring/fall,coach_jacket
jumper_0046.jpg,beige,casual,spring/fall,jumper
cardigan_0043.jpg,black,casual,spring/fall,cardigan
blazer_0016.jpg,white,modern,spring/fall,blazer
leggings_0013.jpg,black,sporty,All,leggings
coach_jacket_0042.jpg,blue,street,spring/fall,coach_jacket
dress_shirt_long_0038.jpg,gray,dandy,spring/fall,dress_shirt_long
sleeveless_0003.jpg,navy,lovely,summer,sleeveless
trench_coat_0012.jpg,beige,modern,spring/fall,trench_coat
top_others_0019.jpg,beige,modern,spring/fall,top_others
short_boots_0056.jpg,black,modern,winter,short_boots
mtm_0012.jpg,gray,casual,spring/fall,mtm
hill_0022.jpg,pink,sexy,All,hill
jean_0033.jpg,khaki,casual,winter,jean
blazer_0095.jpg,gray,modern,spring/fall,blazer
loafer_0042.jpg,black,formal/office,All,loafer
top_others_0037.jpg,yellow,modern,summer,top_others
sandal_0010.jpg,black,sporty,summer,sandal
hoody_0009.jpg,gray,casual,spring/fall,hoody
hill_0009.jpg,black,sexy,All,hill
mtm_0016.jpg,black,street,spring/fall,mtm
long_boots_0022.jpg,black,modern,winter,long_boots
skirt_0036.jpg,beige,modern,spring/fall,skirt
long_boots_0009.jpg,black,modern,winter,long_boots
hoody_0033.jpg,brown,casual,spring/fall,hoody
skirt_0033.jpg,navy,modern,spring/fall,skirt
cardigan_0030.jpg,beige,casual,winter,cardigan
blouse_short_0009.jpg,white,modern,summer,blouse_short
slacks_0008.jpg,gray,modern,winter,slacks
top_others_0029.jpg,sky,modern,summer,top_others
dress_0030.jpg,beige,casual,winter,dress
blazer_0052.jpg,gray,modern,spring/fall,blazer
loafer_0023.jpg,black,formal/office,All,loafer
skirt_0003.jpg,gray,modern,spring/fall,skirt
loafer_0024.jpg,black,formal/office,All,loafer
leather_jacket_0006.jpg,black,street,winter,leather_jacket
dress_shirt_short_0025.jpg,sky,formal/office,summer,dress_shirt_short
fleece_jacket_0050.jpg,white,casual,winter,fleece_jacket
dress_shirt_short_0035.jpg,pink,dandy,summer,dress_shirt_short
dress_shirt_long_0009.jpg,white,formal/office,spring/fall,dress_shirt_long
hill_0039.jpg,black,sexy,All,hill
fleece_jacket_0047.jpg,gray,casual,winter,fleece_jacket
walker_0038.jpg,black,modern,winter,walker
dress_shirt_short_0032.jpg,blue,formal/office,summer,dress_shirt_short
long_padding_0015.jpg,navy,casual,winter,long_padding
blazer_0027.jpg,gray,modern,spring/fall,blazer
short_padding_0009.jpg,beige,casual,winter,short_padding
hoody_0045.jpg,black,casual,spring/fall,hoody
skirt_0007.jpg,white,casual,summer,skirt
long_boots_0034.jpg,black,luxury,winter,long_boots
loafer_0017.jpg,brown,formal/office,All,loafer
vest_0020.jpg,brown,casual,spring/fall,vest
sweater_0017.jpg,gray,modern,winter,sweater
fleece_jacket_0028.jpg,green,casual,winter,fleece_jacket
blazer_0077.jpg,black,modern,spring/fall,blazer
running_shoes_0001.jpg,white,sporty,All,running_shoes
cardigan_0035.jpg,gray,casual,spring/fall,cardigan
sweater_0033.jpg,pink,modern,winter,sweater
mtm_0003.jpg,white,street,spring/fall,mtm
tshirt_short_0002.jpg,white,casual,summer,tshirt_short
hoody_jacket_0007.jpg,gray,casual,spring/fall,hoody_jacket
jean_0013.jpg,black,casual,winter,jean
hightop_0010.jpg,sky,lovely,summer,hightop
hoody_jacket_0034.jpg,green,sporty,spring/fall,hoody_jacket
coach_jacket_0015.jpg,red,street,spring/fall,coach_jacket
walker_0049.jpg,black,vintage,winter,walker
sweater_0001.jpg,yellow,modern,winter,sweater
hoody_0036.jpg,green,casual,spring/fall,hoody
leather_jacket_0004.jpg,brown,street,winter,leather_jacket
leggings_0017.jpg,gray,sporty,All,leggings
leather_jacket_0049.jpg,black,street,winter,leather_jacket
hoody_0007.jpg,navy,casual,spring/fall,hoody
fleece_jacket_0037.jpg,purple,casual,winter,fleece_jacket
mtm_0017.jpg,blue,casual,spring/fall,mtm
blouse_long_0012.jpg,sky,modern,spring/fall,blouse_long
long_padding_0014.jpg,black,casual,winter,long_padding
loafer_0016.jpg,brown,formal/office,All,loafer
vest_0039.jpg,brown,casual,spring/fall,vest
trench_coat_0041.jpg,beige,modern,spring/fall,trench_coat
blouse_short_0034.jpg,pink,lovely,summer,blouse_short
sandal_0012.jpg,black,sporty,summer,sandal
mtm_0018.jpg,gray,casual,spring/fall,mtm
skirt_0017.jpg,blue,modern,summer,skirt
mtm_0013.jpg,white,casual,spring/fall,mtm
short_padding_0010.jpg,yellow_green,casual,winter,short_padding
blouse_short_0005.jpg,white,formal/office,summer,blouse_short
coach_jacket_0020.jpg,white,street,spring/fall,coach_jacket
tshirt_long_0003.jpg,sky,casual,spring/fall,tshirt_long
dress_0020.jpg,black,modern,winter,dress
dress_shirt_short_0052.jpg,sky,formal/office,summer,dress_shirt_short
jean_0016.jpg,sky,casual,winter,jean
walker_0026.jpg,black,modern,winter,walker
hoody_jacket_0040.jpg,gray,casual,spring/fall,hoody_jacket
leggings_0028.jpg,blue,sporty,All,leggings
sandal_0009.jpg,white,sporty,summer,sandal
blouse_long_0009.jpg,sky,modern,spring/fall,blouse_long
sneakers_0018.jpg,white,casual,All,sneakers
trench_coat_0030.jpg,beige,modern,spring/fall,trench_coat
dress_0022.jpg,dark_beige,modern,winter,dress
coat_0039.jpg,blue,modern,winter,coat
short_padding_0011.jpg,black,casual,winter,short_padding
blazer_0013.jpg,gray,modern,spring/fall,blazer
hoody_jacket_0018.jpg,black,sporty,spring/fall,hoody_jacket
fleece_jacket_0011.jpg,khaki,casual,winter,fleece_jacket
leather_jacket_0029.jpg,khaki,street,spring/fall,leather_jacket
blazer_0025.jpg,black,modern,spring/fall,blazer
blouse_short_0040.jpg,white,modern,summer,blouse_short
blouse_long_0016.jpg,blue,modern,spring/fall,blouse_long
hoody_0042.jpg,black,casual,spring/fall,hoody
blazer_0087.jpg,dark_beige,modern,winter,blazer
tshirt_long_0037.jpg,white,casual,spring/fall,tshirt_long
jean_0047.jpg,gray,casual,winter,jean
vest_0011.jpg,white,casual,winter,vest
blouse_long_0007.jpg,red,modern,spring/fall,blouse_long
cardigan_0040.jpg,blue,casual,spring/fall,cardigan
sneakers_0031.jpg,white,casual,All,sneakers
sweater_0036.jpg,orange,modern,winter,sweater
hightop_0002.jpg,white,sporty,summer,hightop
hill_0033.jpg,black,formal/office,All,hill
flat_shoes_0026.jpg,red,vintage,All,flat_shoes
fleece_jacket_0024.jpg,khaki,casual,winter,fleece_jacket
vest_0007.jpg,khaki,casual,winter,vest
cardigan_0039.jpg,black,luxury,winter,cardigan
blouse_short_0051.jpg,white,modern,summer,blouse_short
slacks_0037.jpg,black,formal/office,All,slacks
sweater_0015.jpg,green,modern,winter,sweater
slacks_0051.jpg,beige,casual,All,slacks
walker_0019.jpg,brown,formal/office,winter,walker
long_boots_0027.jpg,black,modern,winter,long_boots
short_boots_0034.jpg,brown,modern,winter,short_boots
dress_0023.jpg,purple,modern,winter,dress
hill_0012.jpg,sky,modern,All,hill
leather_jacket_0060.jpg,beige,street,winter,leather_jacket
blazer_0044.jpg,gray,modern,spring/fall,blazer
tshirt_short_0004.jpg,black,casual,summer,tshirt_short
dress_0007.jpg,orange,lovely,spring/fall,dress
sneakers_0043.jpg,black,casual,All,sneakers
short_boots_0009.jpg,brown,modern,winter,short_boots
blazer_0073.jpg,black,modern,spring/fall,blazer
blouse_long_0042.jpg,white,formal/office,spring/fall,blouse_long
hill_0008.jpg,red,sexy,All,hill
blazer_0020.jpg,gray,modern,spring/fall,blazer
hoody_jacket_0016.jpg,yellow,sporty,spring/fall,hoody_jacket
blazer_0096.jpg,white,modern,spring/fall,blazer
blazer_0084.jpg,purple,modern,winter,blazer
short_padding_0049.jpg,khaki,casual,winter,short_padding
sweater_0042.jpg,gray,modern,winter,sweater
slacks_0020.jpg,black,formal/office,All,slacks
long_padding_0046.jpg,white,casual,winter,long_padding
dress_shirt_short_0053.jpg,white,formal/office,summer,dress_shirt_short
leggings_0005.jpg,gray,sporty,All,leggings
sleeveless_0030.jpg,white,casual,summer,sleeveless
blazer_0065.jpg,pink,modern,spring/fall,blazer
trench_coat_0044.jpg,khaki,modern,spring/fall,trench_coat
top_others_0023.jpg,gray,modern,summer,top_others
blazer_0002.jpg,khaki,modern,spring/fall,blazer
jumper_0030.jpg,gray,casual,spring/fall,jumper
hoody_0006.jpg,orange,casual,spring/fall,hoody
blouse_long_0033.jpg,red,modern,spring/fall,blouse_long
trench_coat_0038.jpg,beige,modern,spring/fall,trench_coat
running_shoes_0034.jpg,black,sporty,All,running_shoes
coach_jacket_0021.jpg,green,street,spring/fall,coach_jacket
sweater_0023.jpg,beige,modern,winter,sweater
blazer_0082.jpg,white,modern,spring/fall,blazer
leather_jacket_0010.jpg,sky,street,winter,leather_jacket
trench_coat_0032.jpg,beige,modern,spring/fall,trench_coat
sandal_0036.jpg,green,sporty,summer,sandal
trench_coat_0009.jpg,beige,modern,spring/fall,trench_coat
trench_coat_0043.jpg,black,modern,spring/fall,trench_coat
slacks_0004.jpg,black,formal/office,All,slacks
jogger_0033.jpg,white,street,winter,jogger
short_boots_0012.jpg,black,luxury,winter,short_boots
hoody_0034.jpg,khaki,casual,spring/fall,hoody
jean_0011.jpg,sky,casual,winter,jean
fleece_jacket_0043.jpg,purple,street,winter,fleece_jacket
hill_0046.jpg,black,modern,All,hill
leather_jacket_0034.jpg,black,street,winter,leather_jacket
blazer_0022.jpg,white,modern,spring/fall,blazer
short_padding_0043.jpg,orange,casual,winter,short_padding
long_boots_0049.jpg,black,sexy,winter,long_boots
coach_jacket_0006.jpg,khaki,street,winter,coach_jacket
dress_shirt_short_0014.jpg,white,formal/office,summer,dress_shirt_short
dress_shirt_long_0022.jpg,white,formal/office,spring/fall,dress_shirt_long
long_boots_0031.jpg,black,modern,winter,long_boots
slacks_0036.jpg,black,formal/office,All,slacks
dress_0042.jpg,green,casual,spring/fall,dress
sleeveless_0018.jpg,red,casual,summer,sleeveless
tshirt_short_0011.jpg,black,street,summer,tshirt_short
hoody_jacket_0029.jpg,yellow,sporty,spring/fall,hoody_jacket
dress_shirt_long_0001.jpg,sky,formal/office,spring/fall,dress_shirt_long
blouse_long_0013.jpg,white,modern,spring/fall,blouse_long
short_boots_0026.jpg,black,luxury,winter,short_boots
dress_shirt_long_0004.jpg,black,formal/office,spring/fall,dress_shirt_long
trench_coat_0001.jpg,beige,lovely,spring/fall,trench_coat
long_boots_0014.jpg,black,modern,winter,long_boots
long_boots_0021.jpg,brown,vintage,winter,long_boots
walker_0037.jpg,black,modern,winter,walker
tshirt_short_0044.jpg,white,casual,summer,tshirt_short
short_padding_0035.jpg,red,casual,winter,short_padding
blazer_0088.jpg,navy,modern,spring/fall,blazer
tshirt_short_0046.jpg,navy,casual,summer,tshirt_short
jean_0042.jpg,khaki,casual,winter,jean
fleece_jacket_0025.jpg,blue,casual,winter,fleece_jacket
jean_0046.jpg,blue,casual,winter,jean
walker_0035.jpg,black,modern,winter,walker
blouse_long_0017.jpg,black,modern,spring/fall,blouse_long
short_boots_0004.jpg,black,modern,winter,short_boots
cardigan_0047.jpg,navy,casual,spring/fall,cardigan
blouse_short_0038.jpg,sky,modern,summer,blouse_short
long_boots_0026.jpg,black,luxury,winter,long_boots
jumper_0022.jpg,gray,casual,spring/fall,jumper
short_boots_0005.jpg,black,luxury,winter,short_boots
long_padding_0047.jpg,black,casual,winter,long_padding
vest_0001.jpg,gray,casual,winter,vest
jumper_0005.jpg,black,casual,spring/fall,jumper
slacks_0017.jpg,dark_beige,formal/office,All,slacks
dress_shirt_short_0045.jpg,white,formal/office,summer,dress_shirt_short
flat_shoes_0041.jpg,gray,purity,All,flat_shoes
walker_0032.jpg,black,modern,winter,walker
loafer_0009.jpg,black,formal/office,All,loafer
jumper_0016.jpg,gray,casual,spring/fall,jumper
hoody_jacket_0037.jpg,blue,casual,spring/fall,hoody_jacket
tshirt_short_0034.jpg,red,casual,summer,tshirt_short
hoody_jacket_0002.jpg,black,sporty,spring/fall,hoody_jacket
sandal_0044.jpg,gray,sporty,summer,sandal
short_boots_0022.jpg,black,sexy,winter,short_boots
tshirt_long_0020.jpg,green,casual,spring/fall,tshirt_long
blouse_long_0035.jpg,white,modern,spring/fall,blouse_long
blazer_0019.jpg,gray,modern,spring/fall,blazer
hoody_jacket_0006.jpg,black,casual,spring/fall,hoody_jacket
hill_0043.jpg,black,modern,All,hill
hoody_0025.jpg,sky,casual,spring/fall,hoody
hoody_0008.jpg,blue,casual,spring/fall,hoody
jean_0004.jpg,navy,casual,winter,jean
trench_coat_0034.jpg,sky,modern,spring/fall,trench_coat
top_others_0001.jpg,black,modern,spring/fall,top_others
cardigan_0031.jpg,green,casual,winter,cardigan
jumper_0037.jpg,black,casual,spring/fall,jumper
sneakers_0040.jpg,white,casual,All,sneakers
cardigan_0029.jpg,beige,casual,winter,cardigan
running_shoes_0046.jpg,white,sporty,All,running_shoes
leggings_0014.jpg,gray,sporty,All,leggings
vest_0002.jpg,khaki,casual,spring/fall,vest
tshirt_short_0008.jpg,black,casual,summer,tshirt_short
coat_0041.jpg,yellow_green,casual,winter,coat
walker_0027.jpg,black,luxury,winter,walker
dress_shirt_short_0027.jpg,black,formal/office,summer,dress_shirt_short
dress_shirt_short_0016.jpg,blue,formal/office,summer,dress_shirt_short
skirt_0018.jpg,white,modern,spring/fall,skirt
hightop_0033.jpg,black,sporty,summer,hightop
fleece_jacket_0007.jpg,beige,casual,winter,fleece_jacket
short_padding_0045.jpg,white,casual,winter,short_padding
blazer_0031.jpg,navy,modern,spring/fall,blazer
long_boots_0004.jpg,black,sexy,winter,long_boots
mtm_0036.jpg,beige,casual,spring/fall,mtm
mtm_0025.jpg,black,casual,spring/fall,mtm
tshirt_long_0031.jpg,gray,casual,spring/fall,tshirt_long
top_others_0038.jpg,gray,casual,summer,top_others
slacks_0021.jpg,black,formal/office,All,slacks
blazer_0090.jpg,yellow,modern,spring/fall,blazer
sleeveless_0027.jpg,gray,casual,summer,sleeveless
dress_shirt_short_0058.jpg,white,formal/office,summer,dress_shirt_short
sweater_0005.jpg,white,casual,winter,sweater
dress_shirt_short_0012.jpg,pink,modern,summer,dress_shirt_short
running_shoes_0009.jpg,white,sporty,All,running_shoes
blouse_short_0050.jpg,pink,modern,summer,blouse_short
jean_0031.jpg,dark_beige,casual,winter,jean
running_shoes_0005.jpg,black,sporty,All,running_shoes
sandal_0034.jpg,yellow,sporty,summer,sandal
coat_0027.jpg,beige,modern,winter,coat
leather_jacket_0036.jpg,brown,street,winter,leather_jacket
blouse_short_0022.jpg,yellow,modern,summer,blouse_short
leather_jacket_0011.jpg,brown,street,winter,leather_jacket
sleeveless_0025.jpg,black,casual,summer,sleeveless
sandal_0005.jpg,gray,sexy,summer,sandal
walker_0004.jpg,black,modern,winter,walker
hoody_0044.jpg,red,casual,spring/fall,hoody
cardigan_0009.jpg,sky,casual,spring/fall,cardigan
flat_shoes_0001.jpg,brown,modern,All,flat_shoes
